{
    "loss": 1.381898283958435,
    "accuracy": 0.9424460530281067
}