{
    "loss": 2.8809165954589844,
    "accuracy": 0.5827338099479675
}